id;prefix;field_name;operator;value;suffix;jhi_order
1;regional yellow;Health;calculating Savings Account Panama;invoice process improvement homogeneous;redefine impactful;35569
2;Borders Inverse;Maine;UAE Dirham;Forks Field Devolved;Coordinator proactive;87304
3;Argentine Peso online dot-com;Credit Card Account bus cyan;Customer revolutionary;Wooden Infrastructure El Salvador;withdrawal pink Lock;5287
4;Buckinghamshire Cordoba Oro;Practical;Checking Account Auto Loan Account Norwegian Krone;Bedfordshire Producer;Savings Account;53755
5;optimal;metrics;architectures B2C;orange Sleek;holistic;38289
6;optimize Pants;THX;green;multi-byte;focus group magnetic;72188
7;synthesizing pixel;Product;Re-contextualized Operations help-desk;plum;Shoes olive;51911
8;hack;Brand Argentina Berkshire;payment;explicit;Synergized Rapids;54977
9;Direct purple;Pants;Zloty Borders;Dynamic;stable interface Soap;9320
10;Views Handmade Ergonomic;portal;Beauty Health;Practical Granite Bacon;Dominican Republic;69850
