id;name;description;last_modified_time
1;Consultant;markets;2020-07-04T14:22:25
2;engineer Home Loan Account;Computers generate;2020-07-04T18:34:00
3;Netherlands Antilles Borders Baby;Savings Account functionalities Licensed Plastic Ball;2020-07-05T04:19:55
4;Jamaican Dollar paradigms Fully-configurable;context-sensitive 24/365;2020-07-04T22:58:33
5;cyan B2B;Buckinghamshire incentivize Corporate;2020-07-05T07:55:31
6;Re-contextualized Developer;Group quantify Pike;2020-07-04T14:10:04
7;Personal Loan Account withdrawal SSL;Handmade AGP;2020-07-04T19:23:30
8;Ferry Gorgeous;Division purple;2020-07-05T06:27:21
9;overriding;Polarised;2020-07-05T09:14:21
10;deploy foreground;plug-and-play;2020-07-04T17:53:17
