id;name;code;address;phone_num;logo;contact;create_user_id;create_time
1;Global cyan Tunisia;zero administration regional;calculating;Bahamian Dollar magenta;Gorgeous;Dynamic deliverables;14442;2020-06-20T22:51:37
2;JSON cross-platform content;Supervisor Dynamic UIC-Franc;Soft Music technologies;Hong Kong;copying Optimization contextually-based;real-time SSL;88454;2020-06-20T23:57:20
3;Tuna;vertical;Orchestrator regional;Money Market Account Automotive;Moldovan Leu;Home;66451;2020-06-20T12:08:30
4;Groves;Borders program;Salad;magnetic navigate SDD;Court Eritrea;Engineer Plastic Focused;32043;2020-06-20T09:54:42
5;Gorgeous;Tasty Frozen Hat invoice Chief;Optional;transmitter;Borders;orange Rubber red;92490;2020-06-20T15:54:43
6;service-desk Convertible Marks;neural solutions;circuit;Bacon;hacking bottom-line Road;Technician one-to-one efficient;98707;2020-06-21T03:44:26
7;Fresh mobile Administrator;plug-and-play Pass web-readiness;B2B Legacy;magnetic;transmitting;South Dakota Mali Grocery;86562;2020-06-20T15:20:22
8;programming dot-com;Inlet;Assurance Malta;Steel invoice Pound Sterling;Pennsylvania alarm;Dynamic Borders quantify;36995;2020-06-21T02:47:26
9;JBOD;Home Loan Account bypassing;hierarchy sky blue Money Market Account;analyzing ADP;repurpose Granite;Tasty Cotton Bacon Senior Borders;48781;2020-06-20T12:18:18
10;payment bus;Outdoors Row;Usability;synthesizing Senior;1080p;Awesome Granite Bike;88626;2020-06-21T03:33:20
