id;create_time;name;days;start_time;end_time;reason
1;2020-06-21T03:19:55;Dynamic Accounts Handcrafted;46332;2020-06-20T12:10:51;2020-06-20T21:55:22;Rustic deliverables
2;2020-06-21T03:52:38;eco-centric Portugal;14316;2020-06-20T10:00:13;2020-06-20T12:13:18;Ethiopian Birr Technician RAM
3;2020-06-20T23:54:14;Movies Cheese Steel;85981;2020-06-20T10:23:34;2020-06-20T10:08:35;Architect Pants calculating
4;2020-06-21T00:34:39;magnetic Buckinghamshire transmit;74805;2020-06-20T11:09:17;2020-06-20T14:17:50;exploit
5;2020-06-20T22:48:47;forecast Incredible Wooden Salad Administrator;35766;2020-06-21T04:01:39;2020-06-20T14:21:11;District Arizona
6;2020-06-20T19:45:11;tertiary bluetooth;74481;2020-06-20T20:18:55;2020-06-21T08:27:21;lavender Savings Account New Israeli Sheqel
7;2020-06-21T00:41:21;overriding Unbranded;26536;2020-06-20T12:39:41;2020-06-20T22:52:51;withdrawal
8;2020-06-20T23:50:52;Incredible Officer North Carolina;26075;2020-06-20T15:37:29;2020-06-21T02:41:09;Intelligent Chief
9;2020-06-20T09:05:30;transmitting stable;69187;2020-06-21T02:56:01;2020-06-21T02:51:28;Djibouti
10;2020-06-20T22:50:49;Adaptive open-source Money Market Account;66119;2020-06-20T21:45:27;2020-06-20T19:50:24;transmit
