id;entity_type;entity_id;process_instance_id;status
1;Jewelery JSON;39928;Guyana Dollar Universal;END
2;THX;88379;haptic front-end;START
3;transmitting payment back-end;44705;Global indexing programming;START
4;invoice;26874;Generic Concrete Tuna Networked methodologies;RUNNING
5;District transform interactive;87179;Generic;RUNNING
6;array;79405;optical;START
7;Ecuador Implementation benchmark;93351;Iowa;END
8;optical program olive;36940;compressing Mozambique;RUNNING
9;Public-key Re-engineered;41801;Sudanese Pound;END
10;Table bandwidth;6615;Graphical User Interface Refined Generic;END
