id;process_definition_key;task_node_id;task_node_name;common_table_id;form_data
1;deposit explicit Producer;Syrian Pound;wireless;56156;../fake-data/blob/hipster.txt
2;Switchable;frame ADP Concrete;Virgin Islands, U.S. SMS;77249;../fake-data/blob/hipster.txt
3;pink Chair;Rustic Soft Table empowering programming;responsive;81755;../fake-data/blob/hipster.txt
4;Group Plastic Optimization;Kuwait;invoice solid state cyan;36283;../fake-data/blob/hipster.txt
5;Associate Orchestrator;Surinam Dollar navigate;Metal;75580;../fake-data/blob/hipster.txt
6;payment Practical Plastic Keyboard;Generic;eco-centric harness Missouri;45916;../fake-data/blob/hipster.txt
7;override Engineer;Rustic bypassing Ergonomic;projection Kids;20877;../fake-data/blob/hipster.txt
8;Home Loan Account Handcrafted;Agent Ergonomic empower;Investor;96689;../fake-data/blob/hipster.txt
9;hack;Computers;Principal;86805;../fake-data/blob/hipster.txt
10;Handcrafted intranet;scale override Tuna;Consultant deploy Investment Account;87326;../fake-data/blob/hipster.txt
