id;full_name;name;ext;type;url;path;folder;entity_name;create_at;file_size;smart_url;medium_url;reference_count
1;Intelligent;interfaces;index card;Mongolia;http://mayra.name;Sri Lanka Investment Account technologies;Granite Gorgeous success;Libyan Arab Jamahiriya;2020-06-20T19:04:23;5381;Baby;Villages Infrastructure;48301
2;tan Investment Account;orchestrate pixel;bandwidth haptic;standardization Fantastic Fresh Shirt;http://lennie.biz;Architect Chicken;HTTP 3rd generation strategic;Home Loan Account architect Clothing;2020-06-20T16:00:54;45183;Integration;reboot;9834
3;Supervisor Health SSL;navigating;Director;redundant;http://madaline.info;Sleek;Tunnel Fresh Personal Loan Account;Republic of Korea Kids;2020-06-21T01:41:35;83109;compressing;Books supply-chains generate;83785
4;application Berkshire Pound Sterling;Electronics;Metal;Incredible;https://suzanne.name;Future actuating;JBOD Buckinghamshire New Leu;holistic mint green;2020-06-20T11:16:43;27347;Savings Account haptic Future;paradigms;5661
5;Hawaii Mouse;Table;transmit Granite Lao People's Democratic Republic;Comoros;http://elissa.org;Avon port;Metal Awesome Rubber Gloves Grass-roots;transition Checking Account;2020-06-20T20:34:53;20042;optimizing Burkina Faso;Configurable indexing leading-edge;24007
6;generating;redefine payment innovative;transform deposit;payment Rustic;https://brian.com;syndicate transmitter;green;payment Future-proofed;2020-06-21T07:32:54;3172;Malagasy Ariary Refined envisioneer;withdrawal Pizza;58571
7;Inlet mindshare French Southern Territories;productize Towels;auxiliary microchip;secured line Cambridgeshire;http://jett.biz;Senior National;Mouse Outdoors;Somali Shilling Mouse Tactics;2020-06-20T08:47:50;36861;turquoise extensible Macedonia;Practical Cotton Shirt quantifying Metal;70112
8;program Refined;Accountability static one-to-one;applications synthesizing Intranet;Chief Global Stream;https://emelia.net;Fantastic Cotton Chips invoice;implement Credit Card Account;synthesize multi-byte Integration;2020-06-20T12:32:28;78005;Pants Officer virtual;reboot Falkland Islands Pound Outdoors;89591
9;SMTP Designer San Marino;Soft;algorithm;copy Buckinghamshire Louisiana;https://kian.biz;Generic Wooden Soap Toys;compress Pizza;Alaska;2020-06-20T22:31:13;18260;Glens compelling;Tuna;23122
10;Tasty Rubber Chips Soap;Jewelery;haptic;Credit Card Account Bhutan;http://casimir.info;Metal;leading-edge Riel;revolutionary;2020-06-21T07:09:19;94363;maroon transmitter Quality;bypassing Dynamic navigate;76120
