id;full_name;name;ext;type;url;path;folder;entity_name;create_at;file_size;reference_count
1;Home Loan Account technologies plum;Health;Computers;Bacon Car wireless;https://ceasar.com;Avon Squares Configuration;Gorgeous Gorgeous bandwidth-monitored;primary navigate Soap;2020-06-20T18:01:31;87430;85697
2;purple;synthesizing Israel cross-platform;system parse;Research connecting;http://josefa.net;Wallis and Futuna Functionality Avon;Executive cohesive Unbranded;withdrawal;2020-06-21T04:27:03;40117;5738
3;Tasty;Estates Arizona;Garden index quantifying;Refined Idaho;http://colton.com;bypass Intelligent;Human Liaison Madagascar;analyzer;2020-06-21T02:02:53;15358;75927
4;mindshare Producer infrastructures;Function-based Bike Internal;Liaison Cheese parse;Incredible;http://hans.net;Representative cutting-edge;Gorgeous Concrete Salad;Handcrafted Tala;2020-06-21T02:20:16;88258;40113
5;copying;Bedfordshire Manager;Checking Account;Global zero administration;https://cleora.info;mobile teal;Bedfordshire Handmade Concrete Shirt Mauritius Rupee;Accountability deposit Toys;2020-06-20T13:24:59;84792;14651
6;Computer Forks;Legacy;indexing Central index;Virginia capacitor;https://nicolas.net;portals Credit Card Account B2C;Rubber Checking Account Small Frozen Fish;SQL Bedfordshire Home;2020-06-21T05:56:41;76937;19395
7;Practical Frozen Keyboard Web benchmark;Kentucky deposit virtual;payment;payment Movies Awesome Soft Bike;http://marcus.com;Islands Electronics reintermediate;Object-based;RAM syndicate;2020-06-21T06:30:25;44356;10431
8;Freeway;Borders Awesome Frozen Sausages digital;Credit Card Account Tools Berkshire;silver;https://shemar.name;Berkshire Squares withdrawal;regional Investment Account analyzing;Berkshire Gorgeous;2020-06-20T10:07:12;98065;93155
9;Dong Glens;deposit;Generic;infomediaries;https://darlene.com;Utah Steel;orchestrate Money Market Account;EXE Belarussian Ruble;2020-06-20T22:33:51;98351;44608
10;bandwidth;circuit Books;South Carolina hack Marketing;Coordinator Berkshire Decentralized;http://keely.net;maximize;Soft Program;concept Cambridgeshire Arizona;2020-06-20T20:41:00;90652;56427
